{"cameraMode":{"drawMode":0,"name":"Shaded","section":"Shading Mode"},"sceneLighting":false,"audioPlay":false,"sceneViewState":{"showFog":true,"showMaterialUpdate":true,"showSkybox":false,"showFlares":true,"showImageEffects":true,"showParticleSystems":true},"in2DMode":false,"pivot":{"x":0.0,"y":0.0987827330827713,"z":-0.10996866226196289},"rotation":{"x":0.15546658635139466,"y":-0.7535476088523865,"z":0.1923334300518036,"w":0.6091137528419495},"size":1.0204272270202637,"orthographic":false}